chromosome,position,p_value
1,100,0.000001
1,250,0.0001
1,400,0.00000001
2,150,0.0005
2,300,0.0000002
3,50,0.001
3,200,0.000000005